RecognizeCharacters,TesseractOCR,True Text,my_guess
"lll' nasswenl iii Fl"".
‘ 1""
iv 1“

   

BllLW.?l{é|""lll¥lliBll"," 
Illl 
ur 
nasswenl 
IS 
gnu 
M 
U 
V 
y 
I 
enLrvlarIiaillenieu 
",ur passwerd is FAIL entry are denied,"-III
ur nasswenl Is [All
M 1:‘
V‘ 

X.
  .-:4
 ,

enLW.a;.é;""?enied"
"INI m un mum: :
I} A1 1%“?

,{é-r

i:
I QEIIFI'IN YB FYlH",Error for https://upload.wikimedia.org/wikipedia/commons/a/ab/Lolcat_in_folder.jpg,IM IN UR FOLDUR KERUPTIN YR FYLEZ,"mum ‘ 
Illlflllllllll ;,; A
I 1  -;.=\

. /5 ;:«

u‘

/% £-
. ;m""PT|N VII FVIH"
"lilnit""r_e7a,,lc‘l_led"," 
",food limit reached start sleep cycle,
IABEBUTUEFIJ," 
I 
ABE 
our 
kWSS 
",I ARE CRYING CUZ I ARE OUT OF FOCUSS,
'7 mmw," 
"" 
Wm 
",Im in ur computer makin ur graphix,
| an: on 5@@UU$$,Error for https://upload.wikimedia.org/wikipedia/commons/1/1a/Cat_crying_%28Lolcat%29.jpg,I ARE CRYING CUZ I ARE OUT OF FOCUSS,I ARE out 5@[%UU$$
," 
",,
," 
",I hazŠo happee.,"‘\\\W ‘ ‘'-r- ’>‘_

-5.

I.

Z M °""- - . F
_t.. ,__‘
III ~ I
., ,,"
ehis'en'emu,"Mingus"" 
the 
llesllrouxeir 
I 
ill 
I 
XI 
a 
e 
EJGEGJ 
oi 
nis 
elfemv 
 
",Mittens the Destroyer Wears the head of his enemy,"?zz

 

T?1®?]@EJG]‘ ?iS  elliél?v"
," 
",I'm in ur bed zleeping,
